target,type,index,name,format,assetId,scratch_file,zip_path,bytes,sha256
Stage,costume,1,backdrop1,svg,cd21514d0531fdffb22204e0ec5ed84a,cd21514d0531fdffb22204e0ec5ed84a.svg,assets/Stage/costumes/001_backdrop1.svg,202,c3b723d028900d9768878653c3a65c377871fe3ecfce5c7b66ef795505e85e1a
Stage,costume,2,Blue,png,0407b9daae1c2c78a1a2ddc5e6e93776,0407b9daae1c2c78a1a2ddc5e6e93776.png,assets/Stage/costumes/002_Blue.png,13562,e7bf936241f0c14b290c8d0a481e39320851df81537bbb573c27ddbb524e4eb7
Stage,sound,1,pop,wav,83a9787d4cb6f3b7632b4ddfebf74367,83a9787d4cb6f3b7632b4ddfebf74367.wav,assets/Stage/sounds/001_pop.wav,560,fb8c18242813d8763cccf5f6077daf44b672d0088f5d3688cca29d621b4959cc
Mario,costume,1,MarioWalk1,png,1a48b033f4770cbe7a01defb9a60afed,1a48b033f4770cbe7a01defb9a60afed.png,assets/Mario/costumes/001_MarioWalk1.png,634,7181c576d9224789a56aed1cb0feb74d6095d4fcace4a7af05ada1db507d4189
Mario,costume,2,MarioWalk2,png,999fc96afab0a22cf3574ef2512e01e0,999fc96afab0a22cf3574ef2512e01e0.png,assets/Mario/costumes/002_MarioWalk2.png,707,9d91194af12057a9bacce9a1efb13b8334ca9cfdf91260904c66a3057241577b
Mario,costume,3,MarioWalk3,png,e50916c4a71e21eedc602180d71371ac,e50916c4a71e21eedc602180d71371ac.png,assets/Mario/costumes/003_MarioWalk3.png,686,35c2d59be71cd3f980e811a8a2a00ac08b047eedbeeba625fa4ef442d6a913a6
Mario,costume,4,MarioWalk4,png,999fc96afab0a22cf3574ef2512e01e0,999fc96afab0a22cf3574ef2512e01e0.png,assets/Mario/costumes/004_MarioWalk4.png,707,9d91194af12057a9bacce9a1efb13b8334ca9cfdf91260904c66a3057241577b
Mario,costume,5,MarioTurn,png,6ae14eaa66eb71641fed61a3d8c41095,6ae14eaa66eb71641fed61a3d8c41095.png,assets/Mario/costumes/005_MarioTurn.png,707,78a35d9639d5d2341ac46654e05f4b5f0bd4eaaa2a49defa064c30e3f84453e5
Mario,costume,6,MarioJump,png,8e5f878d53c37672eda3b4b5c2714ff6,8e5f878d53c37672eda3b4b5c2714ff6.png,assets/Mario/costumes/006_MarioJump.png,707,cbabe74ed4aef90eef4c170fd95cbcac3a91696b6908075cc47f972542c47e8b
Mario,costume,7,MarioCrouch,png,899b3a607ee9847b619c9b69a71b5575,899b3a607ee9847b619c9b69a71b5575.png,assets/Mario/costumes/007_MarioCrouch.png,462,e21c265788d6f1b6ab514d648f8f40df22d4c6bbe261bd35401a1bfd16186145
Mario,costume,8,MarioSlide,png,2f29f3288fb048fcc456b9c0cb95a0f1,2f29f3288fb048fcc456b9c0cb95a0f1.png,assets/Mario/costumes/008_MarioSlide.png,668,5cb98a711dfdfdb12aedfc2ce4c77e2778f6ac1dff445a331d314ce39250e9d3
Mario,costume,9,MarioDeath,png,bc6b33253e3e0b0d9d6eccbac873ae74,bc6b33253e3e0b0d9d6eccbac873ae74.png,assets/Mario/costumes/009_MarioDeath.png,748,5afe4a74197f5a9e18a2d422c9dd06ed13739f89d251921fca24410f730e6084
Mario,costume,10,BIG,svg,1db407bf2058173942d1d127e7286496,1db407bf2058173942d1d127e7286496.svg,assets/Mario/costumes/010_BIG.svg,502,a5d4b0edb219220ed56eb8a43f00cff082d58098a329c96f362529c704a83c73
Mario,costume,11,MiniWalk1,png,a5f50e839eab9b048612649d5210fc3b,a5f50e839eab9b048612649d5210fc3b.png,assets/Mario/costumes/011_MiniWalk1.png,438,875aa64f2db3f3e722d34e893b6887b3a4de9973c804149ced2eba8731d5f062
Mario,costume,12,MiniWalk2,png,05ac80a6ddfe226b24de6be85a06fbe2,05ac80a6ddfe226b24de6be85a06fbe2.png,assets/Mario/costumes/012_MiniWalk2.png,523,37fbb5e5c07f2ed9156901afccb79884c3f870bd962a944fb0cc85fc6170645f
Mario,costume,13,MiniWalk1b,png,a5f50e839eab9b048612649d5210fc3b,a5f50e839eab9b048612649d5210fc3b.png,assets/Mario/costumes/013_MiniWalk1b.png,438,875aa64f2db3f3e722d34e893b6887b3a4de9973c804149ced2eba8731d5f062
Mario,costume,14,MiniWalk2b,png,05ac80a6ddfe226b24de6be85a06fbe2,05ac80a6ddfe226b24de6be85a06fbe2.png,assets/Mario/costumes/014_MiniWalk2b.png,523,37fbb5e5c07f2ed9156901afccb79884c3f870bd962a944fb0cc85fc6170645f
Mario,costume,15,MiniTurn,png,3219e38fc19a073754b242f61f7781ba,3219e38fc19a073754b242f61f7781ba.png,assets/Mario/costumes/015_MiniTurn.png,458,b52dab15693217b3f44ea82db154f6122c34468babd405762e8f58cf97e3b58b
Mario,costume,16,MiniJump,png,0fe892cb82fbd7003ce8228a488157cb,0fe892cb82fbd7003ce8228a488157cb.png,assets/Mario/costumes/016_MiniJump.png,543,47ecdf4d1b6925157e77a8c05f40b11eacd328a551d53a601f4762d45bb2d512
Mario,costume,17,MiniWalk3,png,0fe892cb82fbd7003ce8228a488157cb,0fe892cb82fbd7003ce8228a488157cb.png,assets/Mario/costumes/017_MiniWalk3.png,543,47ecdf4d1b6925157e77a8c05f40b11eacd328a551d53a601f4762d45bb2d512
Mario,costume,18,MiniDeath,png,9eac844b12d0277350629fe4dc6514d3,9eac844b12d0277350629fe4dc6514d3.png,assets/Mario/costumes/018_MiniDeath.png,555,87c5d15aa9688b724f5396c7e8a976cf494d41cfa3371e355f0c40b8af4cf312
Mario,costume,19,MarioTransform,png,8bbf00083dce26262be80b699a7d1a46,8bbf00083dce26262be80b699a7d1a46.png,assets/Mario/costumes/019_MarioTransform.png,542,c4c4561bf61725416f5384a4b33a5918213cc10d0b5eec4a28686a4244a6e4d1
Mario,costume,20,FireWalk1,png,b088884304c475bd7782064eaabbfe6b,b088884304c475bd7782064eaabbfe6b.png,assets/Mario/costumes/020_FireWalk1.png,618,ccdef24dd898e52297f45ca0a3c1d2a71b52a83dcbdde6ac0f384d040819204d
Mario,costume,21,FireWalk2,png,0613e2d616b09331d6a9e0eb2a0b96a1,0613e2d616b09331d6a9e0eb2a0b96a1.png,assets/Mario/costumes/021_FireWalk2.png,706,4e27183e4a3bc9bcfd63d6edbab46f7e8557fb0af7bb11426ade41f3b53ed072
Mario,costume,22,FireWalk3,png,c76f9765c4acb98afe1821cd0a8d762e,c76f9765c4acb98afe1821cd0a8d762e.png,assets/Mario/costumes/022_FireWalk3.png,693,efe75e1bbb3b7e86e49b1966e5ac85a2f5e2bd99710a0ee89d5b36534292a137
Mario,costume,23,FireWalk4,png,0613e2d616b09331d6a9e0eb2a0b96a1,0613e2d616b09331d6a9e0eb2a0b96a1.png,assets/Mario/costumes/023_FireWalk4.png,706,4e27183e4a3bc9bcfd63d6edbab46f7e8557fb0af7bb11426ade41f3b53ed072
Mario,costume,24,FireTurn,png,9ff1813ce24181e2bd0bd103f2e88c19,9ff1813ce24181e2bd0bd103f2e88c19.png,assets/Mario/costumes/024_FireTurn.png,726,d18d6ebe5556c4950e206e9430ca355b9ed9825fc62efbc13705e0d1271487cb
Mario,costume,25,FireJump,png,a179164c18126d4552640e9a88dab16c,a179164c18126d4552640e9a88dab16c.png,assets/Mario/costumes/025_FireJump.png,709,1641bdca6b945ea09690c92b9fd43abff4f39d1d4632e7dec2b9d50326fe2c47
Mario,costume,26,FireCrouch,png,c84069e7f374b3188828a60d20631564,c84069e7f374b3188828a60d20631564.png,assets/Mario/costumes/026_FireCrouch.png,480,dc4bb3d981146a919d2a56d9c9d15a45a59acef3264c97cd7c5e326a697380c0
Mario,costume,27,FireSlide,png,bf6163f821efca48c493cc05144b7579,bf6163f821efca48c493cc05144b7579.png,assets/Mario/costumes/027_FireSlide.png,681,cd5f514ebadbc932afb82ba6da0af2ad4bf1b1b4b083b8ccc49eaae0609eba3d
Mario,costume,28,FireDeath,png,12a18fcd9aba792dab37e7969290e93a,12a18fcd9aba792dab37e7969290e93a.png,assets/Mario/costumes/028_FireDeath.png,757,6d4823add05e51ab9daece98270311c8f1fb69e5e8fbaa07ab103bc905999b8e
Mario,costume,29,FireThrow2,png,fa709b5148b99a314511a193798f45ef,fa709b5148b99a314511a193798f45ef.png,assets/Mario/costumes/029_FireThrow2.png,645,306ce56b7a15fd2a5defb6d69eff854727dd678a04160bda0c1114d230c692bc
Mario,costume,30,FireThrow1,png,3e27df62174923ca9beee298ea577147,3e27df62174923ca9beee298ea577147.png,assets/Mario/costumes/030_FireThrow1.png,633,e27263b695508a55fc4db72abfdb5a63947d47f07f0f30d67e1e1b579ad6fd14
Mario,sound,1,Meow,wav,83c36d806dc92327b9e7049a565c6bff,83c36d806dc92327b9e7049a565c6bff.wav,assets/Mario/sounds/001_Meow.wav,37420,427afe9d62874d41401d01558d48bec98f26d675e4480b073835576ed1ff499d
Tiles,costume,1,BIG,svg,64cfd7685a25a1f1a6179d9f3f8ed436,64cfd7685a25a1f1a6179d9f3f8ed436.svg,assets/Tiles/costumes/001_BIG.svg,525,4913f142e03439655ba0e3ca27deb005c72985a2dfa7bc6df2521c9e6cfee9f1
Tiles,costume,2,costume1,svg,3339a2953a3bf62bb80e54ff575dbced,3339a2953a3bf62bb80e54ff575dbced.svg,assets/Tiles/costumes/002_costume1.svg,200,ecf94b710d8e432ac305bbc142736fb46cee9c85c0b94fd96e70b57ea20eeda6
Tiles,costume,3,Wood-0,png,b83aed7d2e469d1edb3ef1385d00d9c6,b83aed7d2e469d1edb3ef1385d00d9c6.png,assets/Tiles/costumes/003_Wood-0.png,275,1ebd3fd14649f03e9700f34f4a7b9136199ed20133454e7a37a23bca9b16019e
Tiles,costume,4,Wood-1,png,8fa2bb9e1747d5f79e22b7c6bee69b1a,8fa2bb9e1747d5f79e22b7c6bee69b1a.png,assets/Tiles/costumes/004_Wood-1.png,260,7ec4542444e60adc1a22cca6c8c93199197d3a88d6f5f413f753b457b0cbdf91
Tiles,costume,5,Wood-2,png,9ca3e39d38e40e4be0257fb61392448c,9ca3e39d38e40e4be0257fb61392448c.png,assets/Tiles/costumes/005_Wood-2.png,261,e7411ac4300285e2fe5585a394cd31aa09f78bdaf41a1c53bdf4f1521bd4484c
Tiles,costume,6,Wood-3,png,fe95aa0f134d0d10da803c47d9225651,fe95aa0f134d0d10da803c47d9225651.png,assets/Tiles/costumes/006_Wood-3.png,325,35173d22835f88ec8b0b8931f37a05189ef96163f2f97299f070977e8d0d0663
Tiles,costume,7,Wood-4,png,ef4f0a3bcd7cd8a009261a63f58aca1c,ef4f0a3bcd7cd8a009261a63f58aca1c.png,assets/Tiles/costumes/007_Wood-4.png,283,f2145f0da050b9f0226945a990e14ecdd23e1cde99b99a7f6e64ba117b9ea90e
Tiles,costume,8,Wood-5,png,406f7322ec887967cbc6b62d05813211,406f7322ec887967cbc6b62d05813211.png,assets/Tiles/costumes/008_Wood-5.png,319,91cf9541ba184f77194a8c756362cbb959d22166d67e06eddb2cdc8849244666
Tiles,costume,9,Block-Gold,png,0da61099a7f8c9a8bce51669c39b2ffa,0da61099a7f8c9a8bce51669c39b2ffa.png,assets/Tiles/costumes/009_Block-Gold.png,257,c0f055c93ba54ed03be73a12984e652591823b0e5e95f45ea43315eccb534cb9
Tiles,costume,10,Block-Wood,png,5ad664cb55aa800d514fd1515de31796,5ad664cb55aa800d514fd1515de31796.png,assets/Tiles/costumes/010_Block-Wood.png,375,5a9f33f2d386e8166824066770b9894a8d18e7e37a0fa479de93ef3b406369ce
Tiles,costume,11,Blue-1,png,3e69fb0082daa432d6366fcb58b221cb,3e69fb0082daa432d6366fcb58b221cb.png,assets/Tiles/costumes/011_Blue-1.png,317,3dacb4f58e3ec5661fd61064468cddcf6fc75d930f6d792e2386a859a203747e
Tiles,costume,12,Blue-2,png,e1adfd192f3923452cf35cf0a93562e1,e1adfd192f3923452cf35cf0a93562e1.png,assets/Tiles/costumes/012_Blue-2.png,196,25d1bc036abbdb53b7f93a3a884bcb622f7c16e93f0621918507b77724750fcb
Tiles,costume,13,Blue-3,png,ce7f79353c27e1cb883b588ca6a93be4,ce7f79353c27e1cb883b588ca6a93be4.png,assets/Tiles/costumes/013_Blue-3.png,306,a1ca7834c54b333047e4cd942548e4e3afeac29268e68d397c4bec673aa8a1ad
Tiles,costume,14,Blue-4,png,96fd40fe96bab6de8e1609cf80eae453,96fd40fe96bab6de8e1609cf80eae453.png,assets/Tiles/costumes/014_Blue-4.png,165,e62be4c9e099c5d10bae73a96ee46147bfee3d0f05936b1497f5fa5c468a9759
Tiles,costume,15,Blue-5,png,a09173fd83b871c07fb1e47ebb97a5fb,a09173fd83b871c07fb1e47ebb97a5fb.png,assets/Tiles/costumes/015_Blue-5.png,107,e4ca45326ae8d0024660bc7345b1330a793ff3f57b2c18a1374f89b55088920d
Tiles,costume,16,Blue-6,png,0ee12a30217bdb5f4bc8702529b55f32,0ee12a30217bdb5f4bc8702529b55f32.png,assets/Tiles/costumes/016_Blue-6.png,158,60a20646bbcd14dfb902818756f7b21a3ae7e3cba4bdb7002512361754e7d027
Tiles,costume,17,Blue-7,png,fb9350d61c9f83c6ba14591a42d46856,fb9350d61c9f83c6ba14591a42d46856.png,assets/Tiles/costumes/017_Blue-7.png,283,6947182339136843ad2b3ce0b0be9bda40c4ff9695852d9a870750202b473689
Tiles,costume,18,Blue-8,png,96659ffb9cf852be7711690286d1554a,96659ffb9cf852be7711690286d1554a.png,assets/Tiles/costumes/018_Blue-8.png,181,172a503888fe6a7044ae53c6f7a17d089b71a279713190a359af5ffcd2be2e0f
Tiles,costume,19,Blue-9,png,9e0a760b08abefba4cfae7f26145ec5a,9e0a760b08abefba4cfae7f26145ec5a.png,assets/Tiles/costumes/019_Blue-9.png,321,4e2ce165fb260268f3f2492c04cc232d3b8c0a44137ae9d1b56ed00055f3b822
Tiles,costume,20,Question1,png,5504d44a6de4b7c44e42c5a1dd98ccb8,5504d44a6de4b7c44e42c5a1dd98ccb8.png,assets/Tiles/costumes/020_Question1.png,343,06aaaa8da5b7b735d473e8a0425e5f7e531500c4c0d185ed28402786b2b96a83
Tiles,costume,21,Question2,png,155b7072008a6f740b01e70c30b83f18,155b7072008a6f740b01e70c30b83f18.png,assets/Tiles/costumes/021_Question2.png,322,8c245e8a74e093f493b482abd17bae6aedb74cd57ad13d4ced69bb9e4da5f47b
Tiles,costume,22,Question3,png,471e7aa63314a43148c3f9256c8eb00b,471e7aa63314a43148c3f9256c8eb00b.png,assets/Tiles/costumes/022_Question3.png,336,aa511e922ca9a2bbacfaf6554a427ac3dec4e5dc421dea691b1e886bebe36e72
Tiles,costume,23,Question4,png,80e1dcb80cab9330ec60e55835fbb563,80e1dcb80cab9330ec60e55835fbb563.png,assets/Tiles/costumes/023_Question4.png,331,d4c574540c571a36f540af85c76a61ac752c4260f8d82dda2652a99d79e09dd8
Tiles,costume,24,coin1,png,8cec5e7d009867bd7244ea5b27b813fc,8cec5e7d009867bd7244ea5b27b813fc.png,assets/Tiles/costumes/024_coin1.png,302,489d7289b86b666801b398d742fdc4be648301dfdfe3bb28f71c339f59e56455
Tiles,costume,25,coin2,png,733bdee62115904fce26363e8bffc330,733bdee62115904fce26363e8bffc330.png,assets/Tiles/costumes/025_coin2.png,224,78f3418ab4abdd7a80efc071ce138f5fc7fdb73661b3fcae744f7d148cc72b52
Tiles,costume,26,coin3,png,91a847ed6fbc648a537a0ed72e3e55e3,91a847ed6fbc648a537a0ed72e3e55e3.png,assets/Tiles/costumes/026_coin3.png,189,bbdfd994d4bc343cefe68b1caced7aa968801f260c3d6c685c6dca0c1e5f3926
Tiles,costume,27,coin4,png,7e8ac47439b6e317171b978587129b0d,7e8ac47439b6e317171b978587129b0d.png,assets/Tiles/costumes/027_coin4.png,199,f6e1df657be4445ff86c733011a62e086fad51a0ff7e13c019ab6e3de143da19
Tiles,costume,28,MarioWalk1,png,10b845be092ad5fc80cf3d57b66c333b,10b845be092ad5fc80cf3d57b66c333b.png,assets/Tiles/costumes/028_MarioWalk1.png,621,c98c9e3aca4f9bba22ae07e53fbac56d3a52e64f4b8b23391c517e5121018393
Tiles,costume,29,Goomba,png,14e7b84593a6feb85dbb63cc00b87235,14e7b84593a6feb85dbb63cc00b87235.png,assets/Tiles/costumes/029_Goomba.png,476,a70979322ce070ee991b026713a00728e56cb3157b56779aa904fb0776729649
Tiles,costume,30,Life,png,2d37cb137ec7dca78f1e0e26b36672d9,2d37cb137ec7dca78f1e0e26b36672d9.png,assets/Tiles/costumes/030_Life.png,415,ae899a756db0e41daac02d43413b8a55a66098dd3d5901b7299930ba95edeae4
Tiles,costume,31,Bush,png,21dc93ac8c7aa455ea21cf02087a8c84,21dc93ac8c7aa455ea21cf02087a8c84.png,assets/Tiles/costumes/031_Bush.png,421,838a1c6c428ddbc9b726a63e14b592f304acd8cec640728577207e21c421ac4d
Tiles,costume,32,cloud,png,27244de81b25915218d86ffa8a3c53fd,27244de81b25915218d86ffa8a3c53fd.png,assets/Tiles/costumes/032_cloud.png,293,a42721a584cdc68f86b8ad6121ed8e7a98c7671e4e89bc3b275cb47fd811410e
Tiles,costume,33,Orange-1,png,824aac1c3ed1f3dba3232470cf931dca,824aac1c3ed1f3dba3232470cf931dca.png,assets/Tiles/costumes/033_Orange-1.png,282,af4ec6efcf6f700739783bd5924e8e05fd89f534ff57fd398aee50cde1436eaf
Tiles,costume,34,Orange-2,png,5df54fb0a1a83309cd57117a6541c642,5df54fb0a1a83309cd57117a6541c642.png,assets/Tiles/costumes/034_Orange-2.png,183,7e27b59dbfe7cc9d80bf75dcd63431c96bcb84d8131742c93f1efccaca2d408a
Tiles,costume,35,Orange-3,png,5fb0698bd20651c3e8b773001f2e1b3d,5fb0698bd20651c3e8b773001f2e1b3d.png,assets/Tiles/costumes/035_Orange-3.png,326,8b35932d82c9b92d4c2b2195a0d45687bdfa2810a20638f90238dfe8f209ff93
Tiles,costume,36,Orange-4,png,f6235e131264534f4948f0aad54932ac,f6235e131264534f4948f0aad54932ac.png,assets/Tiles/costumes/036_Orange-4.png,182,d51df7d49e9ed0d6464d5e4d3c0c3cb0d3ba7ea141a0376772ee9ec96bf8ec02
Tiles,costume,37,Orange-5,png,9192cf7b27e3495cb7ade6e17fc69e8e,9192cf7b27e3495cb7ade6e17fc69e8e.png,assets/Tiles/costumes/037_Orange-5.png,107,467cd82268cf51afcf3a8848150dc927e2e8f73497ca65ff40acbd87ab42840c
Tiles,costume,38,Orange-6,png,3cc63585ba95e563f46a9db6cae08c8b,3cc63585ba95e563f46a9db6cae08c8b.png,assets/Tiles/costumes/038_Orange-6.png,152,3274c0d7eb9ab54f16489036025d0f9bbe51ac47ef62916d4e0a102f8dc1e67f
Tiles,costume,39,Orange-7,png,427c4add9006b1515e3f751d8114098b,427c4add9006b1515e3f751d8114098b.png,assets/Tiles/costumes/039_Orange-7.png,312,5cf43ae840af7fbee8cd042cc682264babe0196a5dda92f6dbb40d3471c5f710
Tiles,costume,40,Orange-8,png,1a7959871168c052861ad7ed320be4b4,1a7959871168c052861ad7ed320be4b4.png,assets/Tiles/costumes/040_Orange-8.png,196,8f1d6925fc13fb3c17e22e17474e195e0cceebe6e55fc0dc5ea2272ed8a04135
Tiles,costume,41,Orange-9,png,d102e9f95e894e256e7e53af3b7a1673,d102e9f95e894e256e7e53af3b7a1673.png,assets/Tiles/costumes/041_Orange-9.png,287,abcab6bd7afa7929d350434131d5f2670a05ac847b7b6da98921affaf46b265b
Tiles,costume,42,pipe1,png,1ccb33972a8173a6e59239b4eb6b6970,1ccb33972a8173a6e59239b4eb6b6970.png,assets/Tiles/costumes/042_pipe1.png,175,a16c0a904435d3164f9281afdc7a039d7628565c5b58bafcf49becdd539d7b89
Tiles,costume,43,pipe2,png,2fef504a1c8acff6a8986a56dc166d49,2fef504a1c8acff6a8986a56dc166d49.png,assets/Tiles/costumes/043_pipe2.png,177,4767e2ae02efef8ba84d03b25278446fa61743d16684a49b8ed5787619152842
Tiles,costume,44,pipe3,png,b583966fd0cb181c2f1de4c8cb1aa2a7,b583966fd0cb181c2f1de4c8cb1aa2a7.png,assets/Tiles/costumes/044_pipe3.png,150,6a1a15b56db502aab95bf8048b2cbc0e766cfa7ce74b5113fe43464e879183b9
Tiles,costume,45,pipe4,png,409568b75c57a1102a3ac3c066624cbb,409568b75c57a1102a3ac3c066624cbb.png,assets/Tiles/costumes/045_pipe4.png,141,eccc94357fd61be1a21c74af56b4324a4f513d023d8abc1f4f9e904ccc9b7a1c
Tiles,costume,46,Star,png,6706e3a6a684aebe447816ddae0a1acc,6706e3a6a684aebe447816ddae0a1acc.png,assets/Tiles/costumes/046_Star.png,374,2c1a841c2447d0040ce8389349bc6c2502605dfc78d9219e35bf80d21b478625
Tiles,costume,47,EndBox,png,ebef75d35da4dd654c4487e96dc7cd24,ebef75d35da4dd654c4487e96dc7cd24.png,assets/Tiles/costumes/047_EndBox.png,328,5aba20ccb0b3bfd52c5af56f3d03d0fc79b0fb1838f038b05330f412baa5f5ac
Tiles,costume,48,Black-Zag,png,cc818bf3bcc008e35234d631321a0085,cc818bf3bcc008e35234d631321a0085.png,assets/Tiles/costumes/048_Black-Zag.png,185,daa036db64c22f23d0bb04b3956b3c70aab4eab85a1de39b0fc3910e0e63ce11
Tiles,costume,49,Black,png,b7f3251c4a481506ad38e18e1b18745d,b7f3251c4a481506ad38e18e1b18745d.png,assets/Tiles/costumes/049_Black.png,104,20a61dc23edb77ad26c4f630d5d5e30e1cb979d82a833f97f1b235e748cbaa7b
Tiles,costume,50,grass8,png,dd3425b2e0e99417a24aeb2bdd54db0f,dd3425b2e0e99417a24aeb2bdd54db0f.png,assets/Tiles/costumes/050_grass8.png,396,def329ea41abce00892889d8484852e792e8206eac321696a37e116bdc67c6c8
Tiles,costume,51,grass6,png,11494fc0a8f3f100d873b5a14032e0c4,11494fc0a8f3f100d873b5a14032e0c4.png,assets/Tiles/costumes/051_grass6.png,321,c4f91f90583b3e41defb949da291527d227278c8b733b9cf3d609faec97a8990
Tiles,costume,52,grass10,png,c42b987f4dcad4ae345f47202d78e024,c42b987f4dcad4ae345f47202d78e024.png,assets/Tiles/costumes/052_grass10.png,358,a1c1adb0205dac71fa98cab77604499f905519343cfb4682fe8b1eccbf351dc9
Tiles,costume,53,grass1,png,2f6d2a2fe643d969ce57cbe7c00d476a,2f6d2a2fe643d969ce57cbe7c00d476a.png,assets/Tiles/costumes/053_grass1.png,257,b6462ed95f15c894878a56093ec6ad1cd3c3b10bdc4976107d3f83075eb4dbf6
Tiles,costume,54,grass2,png,d22ce5619dce926521cac70b13b48e0b,d22ce5619dce926521cac70b13b48e0b.png,assets/Tiles/costumes/054_grass2.png,384,06fabaec37db0a31f7f444cab1ae50e7eae6da46c3044d38ad1ca78a8011d998
Tiles,costume,55,grass4,png,12e150381c2ab8a9128f60be878c84ab,12e150381c2ab8a9128f60be878c84ab.png,assets/Tiles/costumes/055_grass4.png,393,be53bf059ab3f3f41c6014ddc12de64b2cdac0133c4aed76f988684909c327a1
Tiles,costume,56,grass5,png,dd316edcb90d9f0148831590a4dd065d,dd316edcb90d9f0148831590a4dd065d.png,assets/Tiles/costumes/056_grass5.png,267,a08e0024fade6ff640cf2d1663de13c662ebd55e36afca739a00d1c1807cf78c
Tiles,costume,57,grass7,png,7612cfd31bfad0bf42d5fd4b566d9561,7612cfd31bfad0bf42d5fd4b566d9561.png,assets/Tiles/costumes/057_grass7.png,391,6104f84c87fa876821c73799c6f6dba6e3f06b31c52dd63ff558804634a18716
Tiles,costume,58,grass9,png,0fe7affa0ff1910563391508e4c5ebb2,0fe7affa0ff1910563391508e4c5ebb2.png,assets/Tiles/costumes/058_grass9.png,414,f16f46933e1fbb86d37b2913cc1443f2703bf1fc49c6264462cd6b359abb635d
Tiles,costume,59,grass12,png,293454b9b5a7b511ee4c47bc1f7a369a,293454b9b5a7b511ee4c47bc1f7a369a.png,assets/Tiles/costumes/059_grass12.png,375,06a7c25ed93a39807221a441183a668158f202f02e1f8acaffe4e81e0bf0a981
Tiles,costume,60,grass13,png,efea820f5d18185173ae964365e39d5b,efea820f5d18185173ae964365e39d5b.png,assets/Tiles/costumes/060_grass13.png,346,579f96f0586890fec022b6cfe40b7ecf087adb41129b734931a14be9eafdb4e2
Tiles,costume,61,grass11,png,b956cebca189da3c4f02234ee0751832,b956cebca189da3c4f02234ee0751832.png,assets/Tiles/costumes/061_grass11.png,374,df18ef69d3fe9f7376b557a1798b51ddd402fd941351103a455d9bd505c593d7
Tiles,costume,62,grass15,png,f240b127fc7d2b0387bae8775fea848d,f240b127fc7d2b0387bae8775fea848d.png,assets/Tiles/costumes/062_grass15.png,354,5be19ffe8c516520b94267e3e70ce21aacc7bc044f60c070f69c3b4483c6a57e
Tiles,costume,63,grass14,png,50eb73b44516b36235e4f64370aef105,50eb73b44516b36235e4f64370aef105.png,assets/Tiles/costumes/063_grass14.png,397,024bca6a8a68e1f32f4c6c316d8284fab57e059285409e44ef1026dcca9473a6
Tiles,costume,64,grass16,png,d6298f5fb3f370a602a15e87b7e5fb8b,d6298f5fb3f370a602a15e87b7e5fb8b.png,assets/Tiles/costumes/064_grass16.png,290,cc4393618327b4950a7810c34ade8e5e775f16a65ff1c33ba3fc1529f7cfe5b5
Tiles,costume,65,grass17,png,417f0ed66d03698e9e36e9033d79f890,417f0ed66d03698e9e36e9033d79f890.png,assets/Tiles/costumes/065_grass17.png,294,8645a323305aa235fd70a62c074c820300d98f1471c17916b63e1c4df3ae1235
Tiles,costume,66,grass18,png,667813fe02c411c2caff0b07767fb7a8,667813fe02c411c2caff0b07767fb7a8.png,assets/Tiles/costumes/066_grass18.png,325,dd06eaa819e8a2f43b626d883eda5f16155c2ddf403923fc8c71a8a738c7dab2
Tiles,costume,67,grass3,png,db4b2e86e0391cd7895ab12b26467e6c,db4b2e86e0391cd7895ab12b26467e6c.png,assets/Tiles/costumes/067_grass3.png,401,cec6b870dcbb0cf293df4ffa596fa78374c512d251c3c5a57ccd54256ee0196b
Tiles,sound,1,pop,wav,83a9787d4cb6f3b7632b4ddfebf74367,83a9787d4cb6f3b7632b4ddfebf74367.wav,assets/Tiles/sounds/001_pop.wav,560,fb8c18242813d8763cccf5f6077daf44b672d0088f5d3688cca29d621b4959cc
viewport,costume,1,Viewport,svg,2e8c1f46d8e65c52f7de02e184e76c2f,2e8c1f46d8e65c52f7de02e184e76c2f.svg,assets/viewport/costumes/001_Viewport.svg,1219,05f00e4397e3f6b5de9be5dee136d21d9d6968858b9455c8e296833f361368e6
viewport,costume,2,Tile Scrolling Tutoria Thumbnaill Scratch,png,ae3cba5e1696265f63957dd281e21222,ae3cba5e1696265f63957dd281e21222.png,assets/viewport/costumes/002_Tile Scrolling Tutoria Thumbnaill Scratch.png,271540,59a59af38aefe92575fa1eb5706e6495880e68c2528632fc1a86eed391c7dd96
viewport,sound,1,pop,wav,83a9787d4cb6f3b7632b4ddfebf74367,83a9787d4cb6f3b7632b4ddfebf74367.wav,assets/viewport/sounds/001_pop.wav,560,fb8c18242813d8763cccf5f6077daf44b672d0088f5d3688cca29d621b4959cc
particles,costume,1,Smoke1,png,7fb1161ea0d7654457785c5fb8cea64b,7fb1161ea0d7654457785c5fb8cea64b.png,assets/particles/costumes/001_Smoke1.png,182,7461efe20c9cc7f9a72c9c080769a341a9e7501fa6a595cd34d1f71c54886c49
particles,costume,2,Smoke2,png,545a4eb2bf6902ea7749779a2ec5bde2,545a4eb2bf6902ea7749779a2ec5bde2.png,assets/particles/costumes/002_Smoke2.png,139,4d8fcfba88a3a89a0c030711e8efaee9f6d91c469e3f49bdfeaa32551a982e95
particles,sound,1,pop,wav,83a9787d4cb6f3b7632b4ddfebf74367,83a9787d4cb6f3b7632b4ddfebf74367.wav,assets/particles/sounds/001_pop.wav,560,fb8c18242813d8763cccf5f6077daf44b672d0088f5d3688cca29d621b4959cc
Enemy,costume,1,BIG,svg,23ef45d11dc182a27385dd6a48ddfb4d,23ef45d11dc182a27385dd6a48ddfb4d.svg,assets/Enemy/costumes/001_BIG.svg,496,7e6b3358a6715d4e736a8892aacaf07b68cc8c1bbfccec7ca0e16c6fa09dd029
Enemy,costume,2,Goomba,png,14e7b84593a6feb85dbb63cc00b87235,14e7b84593a6feb85dbb63cc00b87235.png,assets/Enemy/costumes/002_Goomba.png,476,a70979322ce070ee991b026713a00728e56cb3157b56779aa904fb0776729649
Enemy,costume,3,Goomba2,png,2ad58875414d64936f5da86e16a20849,2ad58875414d64936f5da86e16a20849.png,assets/Enemy/costumes/003_Goomba2.png,475,fd61e10ca51ac0eef0419567d5d03fc54a892e7f0a0719bbeb5a026d0e87c340
Enemy,costume,4,Goomba Squish,png,9b499c18850696a4b45db77e0367b1ad,9b499c18850696a4b45db77e0367b1ad.png,assets/Enemy/costumes/004_Goomba Squish.png,284,c542f16baaef1da5b6df823beec0591282fdf46ce13015ca7912a97ce0205d66
Enemy,costume,5,KoopaTroopaG2,png,697f009293673d9492416e993a5a11c7,697f009293673d9492416e993a5a11c7.png,assets/Enemy/costumes/005_KoopaTroopaG2.png,620,f3eaf36e13163bf14787e7359a86259c6916f10c88a8edc8ad61f5e4018fe65a
Enemy,costume,6,KoopaTroopaG1,png,30cf2b803f6aee255479b244d096adc5,30cf2b803f6aee255479b244d096adc5.png,assets/Enemy/costumes/006_KoopaTroopaG1.png,631,99f563232e59489c22fc35b920742844e87d56d4e5970f33bdd8509e4164e4c0
Enemy,costume,7,KoopaTroopa2,png,007305a70cd316234b8b3fd4236386e9,007305a70cd316234b8b3fd4236386e9.png,assets/Enemy/costumes/007_KoopaTroopa2.png,618,3f03f074ccc3fa8bfd3de58ca08cfb5549276f40d0ba99318416d7379c1bc4b6
Enemy,costume,8,KoopaTroopa1,png,a645722e05c3c8ee2eae6f8b0833b7ab,a645722e05c3c8ee2eae6f8b0833b7ab.png,assets/Enemy/costumes/008_KoopaTroopa1.png,627,185ce43feebae9811db6fa60239686859602b9898c321baf3b169ca5d0fc338a
Enemy,costume,9,PiranhaPlant1,png,f83b32445dbbea89eeb9867e33917726,f83b32445dbbea89eeb9867e33917726.png,assets/Enemy/costumes/009_PiranhaPlant1.png,715,b06ec73bd7333cf6b8bc3d5be4eb034823a7dc3f8e620bed5779da4b7f9a602c
Enemy,costume,10,PiranhaPlant2,png,f3e979279b8e031781303bdcc08b173a,f3e979279b8e031781303bdcc08b173a.png,assets/Enemy/costumes/010_PiranhaPlant2.png,670,68b67ea91c074789a365852478e50cec5dd744bc86ade264f59f33d071a95fce
Enemy,costume,11,Venus-Fire-Trap-G1,png,9323b87559525dfb3ae38402f741ef41,9323b87559525dfb3ae38402f741ef41.png,assets/Enemy/costumes/011_Venus-Fire-Trap-G1.png,686,9229093f42f86120b30eed70d98fd0013893d69e5d24ca309fb5509b09f37439
Enemy,costume,12,Venus-Fire-Trap-G2,png,b18f5889abc3261d2f002f3e86b0b88f,b18f5889abc3261d2f002f3e86b0b88f.png,assets/Enemy/costumes/012_Venus-Fire-Trap-G2.png,674,a84a2d5afb72fdd898edb9f23a0cee5265ecd703667cfd6e6608278ca8afebb2
Enemy,costume,13,Venus-Fire-Trap-G3,png,46b2a90ba2ef9395d23981f43b9ceab7,46b2a90ba2ef9395d23981f43b9ceab7.png,assets/Enemy/costumes/013_Venus-Fire-Trap-G3.png,686,2d6b2bfc14bf9483fe09c3cf5aacdf76ece427224e2f28f81f9735de77553fee
Enemy,costume,14,Venus-Fire-Trap-G4,png,233b7d2bc6b45d447c02adab25e0001c,233b7d2bc6b45d447c02adab25e0001c.png,assets/Enemy/costumes/014_Venus-Fire-Trap-G4.png,683,aa23e46431323c191047ac86deed09541e01a364b42958e45afcaf0ac969937c
Enemy,costume,15,Flame,png,f078082fe8d23539a39807d481b32b05,f078082fe8d23539a39807d481b32b05.png,assets/Enemy/costumes/015_Flame.png,206,7100abb235d1c81feae8ac726f1689e85bae80a63c2fc35f905942592f9bec79
Enemy,costume,16,KoopaParatroopa1,png,f19315b6d38184cfc5edd59095afc63d,f19315b6d38184cfc5edd59095afc63d.png,assets/Enemy/costumes/016_KoopaParatroopa1.png,651,67abc2c4068061192de934b42be80f2ec47d8f897a6d34ff974c0ecfa33d8585
Enemy,costume,17,KoopaParatroopa2,png,91ff900f5bc8162ccd9f5f1c462a8ebc,91ff900f5bc8162ccd9f5f1c462a8ebc.png,assets/Enemy/costumes/017_KoopaParatroopa2.png,652,44087f18abf131c98878512cab04a04e7b08ade6beb36daf4098b0bf8bb79a7a
Enemy,costume,18,KoopaParatroopa3,png,12f1235cbfa2cbee22ca11e68e2eeeaf,12f1235cbfa2cbee22ca11e68e2eeeaf.png,assets/Enemy/costumes/018_KoopaParatroopa3.png,715,cb9f61e745c235fddd3b548e89a1227d77221a13256568f98be9a51ba9c20d16
Enemy,costume,19,KoopaParatroopa4,png,a14e828c286b2e3e3d2452cdaf4b0895,a14e828c286b2e3e3d2452cdaf4b0895.png,assets/Enemy/costumes/019_KoopaParatroopa4.png,711,4a82c7efd47a55f2346c041700fb51473be1d72f486cccf05913ad121cd80976
Enemy,costume,20,Score 100,png,d25c5b2eefc20d80c17a4d803034d9be,d25c5b2eefc20d80c17a4d803034d9be.png,assets/Enemy/costumes/020_Score 100.png,165,42e00447e0d87caea0a328ee694a17f75ca4dd5662a2db753e27d2927f4cfe12
Enemy,costume,21,Life,png,2d37cb137ec7dca78f1e0e26b36672d9,2d37cb137ec7dca78f1e0e26b36672d9.png,assets/Enemy/costumes/021_Life.png,415,ae899a756db0e41daac02d43413b8a55a66098dd3d5901b7299930ba95edeae4
Enemy,costume,22,EndBox,png,ebef75d35da4dd654c4487e96dc7cd24,ebef75d35da4dd654c4487e96dc7cd24.png,assets/Enemy/costumes/022_EndBox.png,328,5aba20ccb0b3bfd52c5af56f3d03d0fc79b0fb1838f038b05330f412baa5f5ac
Enemy,costume,23,EndBox---Flower,png,b3291398de64350a3995ab667e5902f2,b3291398de64350a3995ab667e5902f2.png,assets/Enemy/costumes/023_EndBox---Flower.png,571,cc3b5e355e406a39873b0c42fa43afc03ea1fc4ccbaa6663cc222ada01f56e2f
Enemy,costume,24,EndBox---Mushroom,png,10a08e287ec4383ca4a04f42dcce5a64,10a08e287ec4383ca4a04f42dcce5a64.png,assets/Enemy/costumes/024_EndBox---Mushroom.png,589,79576ca04b01ac145bd35f5fd5e8ad8ea9a205de342fe6ed5c20b81a5eef1bfb
Enemy,costume,25,EndBox---Star,png,3bf4f291751e0972dc8eed49c018018c,3bf4f291751e0972dc8eed49c018018c.png,assets/Enemy/costumes/025_EndBox---Star.png,531,9395dfc6ee48cb78ac87418d5ff1eef06956cd9d30e3730f42b07485c8f5f3c0
Enemy,costume,26,KoopaShellG1,png,d262257b187ad6898e86d6820d556926,d262257b187ad6898e86d6820d556926.png,assets/Enemy/costumes/026_KoopaShellG1.png,441,dd4d802d46230a2e98348ca7a19a18b965c46348bebaff616f01d52032b71a5b
Enemy,costume,27,KoopaShellG2,png,fe3d4e87eac861c5ffae9b4f9b32c587,fe3d4e87eac861c5ffae9b4f9b32c587.png,assets/Enemy/costumes/027_KoopaShellG2.png,472,3125e0aef98e01003d980becf9e178d4db050e8ca8dffd23434b1082d3ae5945
Enemy,costume,28,KoopaShellG3,png,8b7830b2dc15d596f790688b675ae6e6,8b7830b2dc15d596f790688b675ae6e6.png,assets/Enemy/costumes/028_KoopaShellG3.png,437,64c30ecfc5e4918f332ba685c379e0fdd2436d8099646ff6603ac0c1689a53fa
Enemy,costume,29,KoopaShellG4,png,50163719c59354fac461616ac2090ee7,50163719c59354fac461616ac2090ee7.png,assets/Enemy/costumes/029_KoopaShellG4.png,459,245ed45cf97aef551ed78246d5a306e8d9e86c3f4851773a479bdf8c5806de38
Enemy,costume,30,KoopaShellR1,png,be9b04e5d519d84e99f6374950dc995b,be9b04e5d519d84e99f6374950dc995b.png,assets/Enemy/costumes/030_KoopaShellR1.png,446,e102733e552402744c68ad5ee0854400e2c726a08ba4d7846053fb4caf894469
Enemy,costume,31,KoopaShellR2,png,ab88bde7e1ed87ae57b0e057d5e2c9cd,ab88bde7e1ed87ae57b0e057d5e2c9cd.png,assets/Enemy/costumes/031_KoopaShellR2.png,462,f2a3c3082ad7d41f82ed5eacfdba374f4dd5c01f4d34ac25830c73cdb5a11928
Enemy,costume,32,KoopaShellR3,png,a03b243656e2cc9ed9b41cba879609c7,a03b243656e2cc9ed9b41cba879609c7.png,assets/Enemy/costumes/032_KoopaShellR3.png,431,c51b090210b04e23023950ca2b823f00775f03eb0ac4040330f0ab907e847bc3
Enemy,costume,33,KoopaShellR4,png,dfb0093d3d267ce575a3285895fdf24b,dfb0093d3d267ce575a3285895fdf24b.png,assets/Enemy/costumes/033_KoopaShellR4.png,449,3b61d153638b6feb3b03072dd4e8eb4098685d7971970420f25a88eb7d3d8569
Enemy,costume,34,FireFlower,png,0f6544616f75699ad1da3cae72e27dd2,0f6544616f75699ad1da3cae72e27dd2.png,assets/Enemy/costumes/034_FireFlower.png,419,aaaead85c5d42e22cc147ad9dd09eeabe3a09a24849b2bb2d53fb88676a4a0a4
Enemy,sound,1,pop,wav,83a9787d4cb6f3b7632b4ddfebf74367,83a9787d4cb6f3b7632b4ddfebf74367.wav,assets/Enemy/sounds/001_pop.wav,560,fb8c18242813d8763cccf5f6077daf44b672d0088f5d3688cca29d621b4959cc
Background2,costume,1,Background-1-1,png,770f8e823d08dad0fa137732837fac54,770f8e823d08dad0fa137732837fac54.png,assets/Background2/costumes/001_Background-1-1.png,22508,95b4c5d7b8596da03dd8a8a6c6a9764ecc1bab6eedde6a872d67ab410dd85bef
Background2,costume,2,Background-1-2,png,77546826edae101fa0a05fe116993eb7,77546826edae101fa0a05fe116993eb7.png,assets/Background2/costumes/002_Background-1-2.png,22731,dc140a06082ca8af141f97f2a85c24ebf0b7ef3673d0df7be31394376db083f9
Background2,sound,1,pop,wav,83a9787d4cb6f3b7632b4ddfebf74367,83a9787d4cb6f3b7632b4ddfebf74367.wav,assets/Background2/sounds/001_pop.wav,560,fb8c18242813d8763cccf5f6077daf44b672d0088f5d3688cca29d621b4959cc
Sounds,costume,1,costume1,svg,3339a2953a3bf62bb80e54ff575dbced,3339a2953a3bf62bb80e54ff575dbced.svg,assets/Sounds/costumes/001_costume1.svg,200,ecf94b710d8e432ac305bbc142736fb46cee9c85c0b94fd96e70b57ea20eeda6
Sounds,sound,1,Music L1,mp3,8563657bfc9b1eda64c480630f71e8e1,8563657bfc9b1eda64c480630f71e8e1.mp3,assets/Sounds/sounds/001_Music L1.mp3,1575073,d7657967d2ddc8edda743d3bb4cecfcad8fc80a4962055d282476d01b606ee95
Sounds,sound,2,Jump,wav,8224656f5c31bcf69589d147e959d75c,8224656f5c31bcf69589d147e959d75c.wav,assets/Sounds/sounds/002_Jump.wav,26806,a1d09b0c4b7824daa81f827fbbc975e5c27645580402a1b9de7860085e1388f5
Sounds,sound,3,Skid,wav,67bbc46a7b07061c77a9a936526886d9,67bbc46a7b07061c77a9a936526886d9.wav,assets/Sounds/sounds/003_Skid.wav,15486,98645521988c164f19a43d9bd4842e13146b8dc8d9301c5d65272570f3929d6a
Sounds,sound,4,block hit,mp3,691b92ae8a36c2411c4f202ff8473466,691b92ae8a36c2411c4f202ff8473466.mp3,assets/Sounds/sounds/004_block hit.mp3,10202,c3aa0a94e8cb9a59d1ddb7f77b4fae5947f8d54e75daa1f174d2a7c3dfec448a
Sounds,sound,5,ItemSprout,wav,bf36f4becf33e5558d201d67993aa0fe,bf36f4becf33e5558d201d67993aa0fe.wav,assets/Sounds/sounds/005_ItemSprout.wav,52442,39fab642627c5a9a8c3ba3421db44ef736281fccc748836c63f3b5f096469849
Sounds,sound,6,1up,wav,bca9450933e360b3d798d2a1a4367d3f,bca9450933e360b3d798d2a1a4367d3f.wav,assets/Sounds/sounds/006_1up.wav,52986,6d6946841061ecefc87b4da2b4c63c6eadf562af95f2543302abcb16a3ddad10
Sounds,sound,7,Bounce Off Enemy,wav,71941b267ba177f0a00f21b9834a8744,71941b267ba177f0a00f21b9834a8744.wav,assets/Sounds/sounds/007_Bounce Off Enemy.wav,44550,93a83883f364de85d1c53373a6e1adc712ae4bb937a0cb35dba9ec0dc1777bc1
Sounds,sound,8,Coin,wav,bfeb0195793eaad10db2e2b37be3fe5d,bfeb0195793eaad10db2e2b37be3fe5d.wav,assets/Sounds/sounds/008_Coin.wav,25240,f76ab8e8ec7f246b2443c824ebe7f1b1fa4dca6b57bf97f9faf6f3a90bdab986
Sounds,sound,9,Stomped,wav,cf2509f4d0c87bb7db6db625a0eadb9a,cf2509f4d0c87bb7db6db625a0eadb9a.wav,assets/Sounds/sounds/009_Stomped.wav,20334,44363166feefd6be4f7e8079d332abca47e7be162350a6b9dc70c36321a84ce0
Sounds,sound,10,Fireball,wav,e0bd409643dc95862e1e24165846b93e,e0bd409643dc95862e1e24165846b93e.wav,assets/Sounds/sounds/010_Fireball.wav,14164,3752a11d07747316579587a44944f42a7ac465347aee7202433ed8eed9a4dba4
Sounds,sound,11,Flagpole,wav,175cee1ba2a7fceb3a76fe4ff2bfe4db,175cee1ba2a7fceb3a76fe4ff2bfe4db.wav,assets/Sounds/sounds/011_Flagpole.wav,277404,62a5a67fe5e76448f54e801304e5380453191f6b26cdd075351ead485c1b230b
Sounds,sound,12,GameOver,wav,8de315449c3db21c222b68aa610cc728,8de315449c3db21c222b68aa610cc728.wav,assets/Sounds/sounds/012_GameOver.wav,289626,90e004dccf4e7b0cfb61b7fd62bd4116c562b717a8943616588fb35b463449b4
Sounds,sound,13,Goal,wav,3fec99763ee215e3391f26aca08357e7,3fec99763ee215e3391f26aca08357e7.wav,assets/Sounds/sounds/013_Goal.wav,89264,dad829d907ea5533696c047380ff3f709ea12dd882f431ee01b76a29d51c2804
Sounds,sound,14,GoalCard1,wav,bf1158f33d0f278498452ad92ec8cf30,bf1158f33d0f278498452ad92ec8cf30.wav,assets/Sounds/sounds/014_GoalCard1.wav,267656,dcc424cbabf33a90987bef806f67aa7af762af723eea1147f570e10c7ddde9ad
Sounds,sound,15,Kick1,wav,5ac71e02c884c2c3b185a597a2f49ec0,5ac71e02c884c2c3b185a597a2f49ec0.wav,assets/Sounds/sounds/015_Kick1.wav,14774,ad5446db00202f7834fd165e833563666e561493814d07cadb0c3bcf129a3b00
Sounds,sound,16,KickShell,wav,adc116588f29ebdde3235a032e8232c3,adc116588f29ebdde3235a032e8232c3.wav,assets/Sounds/sounds/016_KickShell.wav,15148,aa76da3266da3f33d09bd5e15789b08bfe9ce3886ffc2c02c69744736b801208
Sounds,sound,17,Level Select,wav,acb2397a46c866a6a71f7605fb5f3343,acb2397a46c866a6a71f7605fb5f3343.wav,assets/Sounds/sounds/017_Level Select.wav,91582,00adf9a9571076e1713dd304e5046a93abc8c434c7592e27f220ebb1f878c547
Sounds,sound,18,Lose Life,wav,6af507775b1a2f0e6b5fc26c165f6e8d,6af507775b1a2f0e6b5fc26c165f6e8d.wav,assets/Sounds/sounds/018_Lose Life.wav,272518,88ea7d79d8878cb118e8d8ae4c4b1a8f4ae4a657a6ae13f056df38a69332e517
Sounds,sound,19,Power Up,wav,358279ac7f6aaab6e829b13e11fd9b86,358279ac7f6aaab6e829b13e11fd9b86.wav,assets/Sounds/sounds/019_Power Up.wav,94384,cba5b198f4fc39aa512e647efe488b7f5c8421be583c96c986efca37613c12cf
Sounds,sound,20,Power Down,wav,56024ae4ace4d437e9997e5457e58aae,56024ae4ace4d437e9997e5457e58aae.wav,assets/Sounds/sounds/020_Power Down.wav,75612,dcdafbb1e0b42cc83fffa099694407d3b3b96ff39f5e3c4b589c482a491e6c70
Sounds,sound,21,Slide Attack,wav,3f1bda1d3613c8294d88a662b6375be4,3f1bda1d3613c8294d88a662b6375be4.wav,assets/Sounds/sounds/021_Slide Attack.wav,6594,90079e5113c3b0b0efd6a1b1e1f82c87b514240f7824b3a5dd1f4e794e4413c4
Sounds,sound,22,Swim,wav,7d34d41e8b9f6317bcd5e1a1cf7fd930,7d34d41e8b9f6317bcd5e1a1cf7fd930.wav,assets/Sounds/sounds/022_Swim.wav,26880,27ac87f8152fc0a5cea917650a90591c7ef8eae08fd340ee1a944011bf054a48
Sounds,sound,23,Throw,wav,f04862428b551bbcf2471afec5a7b357,f04862428b551bbcf2471afec5a7b357.wav,assets/Sounds/sounds/023_Throw.wav,24214,e5c5e7fbb6f8aef5abff3a2b052a0069986dcf836683500a07acaf5e4f97b246
Sounds,sound,24,Warp,wav,9c1d274fd52a6b06d259e9fa51bd8840,9c1d274fd52a6b06d259e9fa51bd8840.wav,assets/Sounds/sounds/024_Warp.wav,75612,802fc83632f219fb3af1f62214649a95a7c1296a563cac42718b28483b486241
Sounds,sound,25,Let's Go,wav,2017485f2bde69d084362171f0298134,2017485f2bde69d084362171f0298134.wav,assets/Sounds/sounds/025_Let's Go.wav,127086,26e73ae095efca62d70d31f6dd4e5a1058358b6dd562726d8e9cba1602a58632
Sounds,sound,26,Mammamia,wav,01491a8c763787875cf5d42292c6c9ec,01491a8c763787875cf5d42292c6c9ec.wav,assets/Sounds/sounds/026_Mammamia.wav,253888,96555532f206da6ec624873f7093bc87d172441f47583ca9ed1f52198e4ae318
Sounds,sound,27,Just What I Needed,wav,93017031e7c097fc7a9a1a6068b61de9,93017031e7c097fc7a9a1a6068b61de9.wav,assets/Sounds/sounds/027_Just What I Needed.wav,112892,3642342e789f94e6d768b64c4ee9241e4f472b37e38b131166bb41c4e350b89f
Sounds,sound,28,Oh No,wav,502d94a9218c9a90d9bec6fd3fb83590,502d94a9218c9a90d9bec6fd3fb83590.wav,assets/Sounds/sounds/028_Oh No.wav,114656,47f8966a2a7403c9d367ff4391e7b88616db703e3d26a37f68133c076f68dde7
Sounds,sound,29,Star Power,wav,53eba5ff991e10bf53e37a980b99a9b5,53eba5ff991e10bf53e37a980b99a9b5.wav,assets/Sounds/sounds/029_Star Power.wav,958206,cf71b6ceb12caf4b3d391655418ff2890e2f32c5f97fe0244650df7575e36208
Sounds,sound,30,Course Clear,mp3,7bdada956ece719379e5e22278de71a9,7bdada956ece719379e5e22278de71a9.mp3,assets/Sounds/sounds/030_Course Clear.mp3,99635,db8a2587798b14b2c241b1ee4fb9d3747a5a949046e804b1115f5c869ba19fe8
